{
"usingComponents": {
  "i-tabs": "../../iview/tabs/index",
  "i-checkbox-group": "../../iview/checkbox-group/index",
  "i-checkbox": "../../iview/checkbox/index",
  "i-tab": "../../iview/tab/index",
  "i-notice-bar": "../../iview/notice-bar/index",
  "wxc-abnor": "../../dist/packages/@minui/wxc-abnor/dist/index",
  "wxc-badge": "../../dist/packages/@minui/wxc-badge/dist/index",
  "wxc-loadmore": "../../dist/packages/@minui/wxc-loadmore/dist/index",
  "wxc-elip": "../../dist/packages/@minui/wxc-elip/dist/index",
  "wxc-price": "../../dist/packages/@minui/wxc-price/dist/index"
}
}



