{
	"description": "项目配置文件。",
	"packOptions": {
		"ignore": []
	},
	"setting": {
		"urlCheck": false,
		"es6": true,
		"postcss": true,
		"minified": true,
		"newFeature": true
	},
	"compileType": "miniprogram",
	"libVersion": "2.2.1",
	"appid": "wx22bc8cbb12140eba",
	"projectname": "%E5%8F%AE%E7%82%B9%E6%97%A9%E9%A4%90",
	"isGameTourist": false,
	"condition": {
		"search": {
			"current": -1,
			"list": []
		},
		"conversation": {
			"current": -1,
			"list": []
		},
		"plugin": {
			"current": -1,
			"list": []
		},
		"game": {
			"currentL": -1,
			"list": []
		},
		"miniprogram": {
			"current": 1,
			"list": [
				{
					"id": -1,
					"name": "菜单",
					"pathName": "pages/menu/menu",
					"query": "id=e7cb0-20180711102529855"
				},
				{
					"id": -1,
					"name": "sda",
					"pathName": "pages/mine/mine"
				}
			]
		}
	}
}