{
	"description": "项目配置文件。",
	"setting": {
		"urlCheck": false,
		"es6": true,
		"postcss": true,
		"minified": true,
		"newFeature": true
	},
	"compileType": "miniprogram",
	"libVersion": "1.9.91",
	"appid": "wx63d30eefe37fabf2",
	"projectname": "%E6%88%BF%E4%BA%A7%E4%B8%AD%E4%BB%8B_%E7%9F%A5%E5%87%A0%E5%9C%B0%E4%BA%A7",
	"isGameTourist": false,
	"condition": {
		"search": {
			"current": -1,
			"list": []
		},
		"conversation": {
			"current": -1,
			"list": []
		},
		"plugin": {
			"current": -1,
			"list": []
		},
		"game": {
			"currentL": -1,
			"list": []
		},
		"miniprogram": {
			"current": -1,
			"list": [
				{
					"id": -1,
					"name": "列表",
					"pathName": "pages/list/list",
					"query": ""
				},
				{
					"id": -1,
					"name": "城市",
					"pathName": "pages/index/index",
					"query": ""
				},
				{
					"id": -1,
					"name": "详情",
					"pathName": "pages/detail/detail",
					"query": ""
				},
				{
					"id": -1,
					"name": "ss",
					"pathName": "pages/search/search",
					"query": ""
				},
				{
					"id": -1,
					"name": "follow",
					"pathName": "pages/follow/follow",
					"query": ""
				},
				{
					"id": -1,
					"name": "pubh",
					"pathName": "pages/pubhouse/pubhouse",
					"query": ""
				},
				{
					"id": -1,
					"name": "msg",
					"pathName": "pages/msg/msg",
					"query": ""
				},
				{
					"id": -1,
					"name": "pulll",
					"pathName": "pages/pubhouseList/pubhouseList",
					"query": ""
				},
				{
					"id": 8,
					"name": "pund",
					"pathName": "pages/pubDetail/pubDetail",
					"query": ""
				},
				{
					"id": -1,
					"name": "lit",
					"pathName": "pages/litmsg/litmsg",
					"query": ""
				},
				{
					"id": -1,
					"name": "dengl",
					"pathName": "pages/login/login",
					"query": ""
				}
			]
		}
	}
}