{
	"description": "项目配置文件。",
	"packOptions": {
		"ignore": []
	},
	"setting": {
		"urlCheck": true,
		"es6": true,
		"postcss": true,
		"minified": true,
		"newFeature": true
	},
	"compileType": "miniprogram",
	"libVersion": "1.9.98",
	"appid": "wx9676e5a723951d1a",
	"projectname": "%E8%BE%BE%E5%92%96",
	"isGameTourist": false,
	"condition": {
		"search": {
			"current": -1,
			"list": []
		},
		"conversation": {
			"current": -1,
			"list": []
		},
		"plugin": {
			"current": -1,
			"list": []
		},
		"game": {
			"currentL": -1,
			"list": []
		},
		"miniprogram": {
			"current": -1,
			"list": [
				{
					"id": 0,
					"name": "meun",
					"pathName": "pages/menu/menu",
					"query": ""
				},
				{
					"id": -1,
					"name": "me",
					"pathName": "pages/mine/mine",
					"query": ""
				}
			]
		}
	}
}