{
	"description": "项目配置文件。",
	"setting": {
		"urlCheck": true,
		"es6": true,
		"postcss": true,
		"minified": true,
		"newFeature": true
	},
	"compileType": "miniprogram",
	"libVersion": "1.7.2",
	"appid": "wx1af23025dab00617",
	"projectname": "%E8%AF%B8%E6%9A%A8%E9%BB%91%E5%8D%A1",
	"condition": {
		"search": {
			"current": -1,
			"list": []
		},
		"conversation": {
			"current": -1,
			"list": []
		},
		"plugin": {
			"current": -1,
			"list": []
		},
		"game": {
			"list": []
		},
		"miniprogram": {
			"current": -1,
			"list": [
				{
					"id": -1,
					"name": "111",
					"pathName": "pages/my/my",
					"query": ""
				},
				{
					"id": -1,
					"name": "qweweq",
					"pathName": "pages/shoplist/shoplist",
					"query": ""
				}
			]
		}
	}
}